<?xml version="1.0" encoding="UTF-8" ?>
<!DOCTYPE mapper PUBLIC "-//mybatis.org//DTD Mapper 3.0//EN" "http://mybatis.org/dtd/mybatis-3-mapper.dtd" >
<mapper namespace="com.project.lolchess.dao.BoardDao">
    <insert id="insertBoard" parameterType="BoardDto" useGeneratedKeys="true" keyProperty="b_num">
        <selectKey keyProperty="b_num" resultType="Integer" order="AFTER">
            SELECT LAST_INSERT_ID()
        </selectKey>
        INSERT INTO board VALUES (NULL,#{b_title},#{b_contents},#{b_id},DEFAULT,DEFAULT)
    </insert>
    <insert id="insertReply" parameterType="replyDto" useGeneratedKeys="true" keyProperty="r_num">
        <selectKey keyProperty="r_num" resultType="Integer" order="AFTER">
            SELECT LAST_INSERT_ID()
        </selectKey>
        INSERT INTO reply VALUES (NULL,#{r_bnum},#{r_contents},#{r_id},DEFAULT)
    </insert>
    <update id="updateBoard" parameterType="boardDto">
        UPDATE board SET b_title=#{b_title},b_contents=#{b_contents} WHERE b_num=#{b_num}
    </update>
    <update id="updateViews" parameterType="Integer">
        UPDATE board SET b_views = b_views + 1 WHERE b_num=#{b_num}
    </update>
    <delete id="deleteBoard" parameterType="Integer">
        DELETE FROM board WHERE b_num=#{b_num}
    </delete>
    <delete id="deleteReplies" parameterType="Integer">
        DELETE FROM reply WHERE r_bnum =#{b_num}
    </delete>
    <delete id="deleteReply" parameterType="ReplyDto">
        DELETE FROM reply WHERE r_num=#{r_num}
    </delete>
    <select id="selectBoardList" resultType="BoardDto" parameterType="SearchDto">
        SELECT * FROM blist
        <if test="colname != null and colname != ''">
            WHERE ${colname} LIKE CONCAT('%',#{keyword},'%')
        </if>
        LIMIT #{pageNum}, #{listCnt}
    </select>
    <select id="selectBoardCnt" resultType="Integer" parameterType="SearchDto">
        SELECT count(*) FROM blist
        <if test="colname != null and colname != ''">
            WHERE ${colname} LIKE CONCAT('%',#{keyword},'%')
        </if>
    </select>
    <select id="selectBoard" resultType="BoardDto" parameterType="Integer">
        SELECT * FROM blist WHERE b_num=#{b_num}
    </select>
    <select id="selectReplyList" resultType="ReplyDto" parameterType="Integer">
        SELECT * FROM rlist WHERE r_bnum=#{b_num}
    </select>
    <select id="selectLastReply" resultType="ReplyDto" parameterType="Integer">
        SELECT * FROM rList WHERE r_num=#{r_num}
    </select>
</mapper>